"_id","步骤ID","配方ID","顺序","动作类型","物品ID","要求状态","火候","提示文本","数据状态","目标炉钟秒"
"1","basic_01","recipe_pill_basic","1","预置","herb","完整","","开炉前将凝气草预置入炉。","待同步",""
"2","basic_02","recipe_pill_basic","2","开炉","","","中","以中火开炉。","待同步",""
"3","basic_03","recipe_pill_basic","3","投料","dew","完整","","投入灵露。","待同步",""
"4","basic_04","recipe_pill_basic","4","收丹","","","","在两味材料达到目标在炉时长后收丹。","待同步",""
"5","fire_01","recipe_pill_fire_yang","1","预置","mat_fire_herb","完整","","开炉前预置赤炎草。","待同步",""
"6","fire_02","recipe_pill_fire_yang","2","开炉","","","中","以中火开炉。","待同步",""
"7","fire_03","recipe_pill_fire_yang","3","研磨","mat_fire_fruit","研磨","","开炉后立即研磨火灵果。","待同步",""
"8","fire_04","recipe_pill_fire_yang","4","投料","mat_fire_fruit","研磨","","投入研磨后的火灵果。","待同步",""
"9","fire_05","recipe_pill_fire_yang","5","收丹","","","","按材料目标在炉时长收丹。","待同步",""
"10","mw_01","recipe_pill_metal_water","1","预置","mat_metal_herb","完整","","开炉前预置金凝草。","待同步",""
"11","mw_02","recipe_pill_metal_water","2","开炉","","","中","以中火开炉。","待同步",""
"12","mw_03","recipe_pill_metal_water","3","研磨","mat_water_fruit","研磨","","先研磨水灵果。","待同步",""
"13","mw_04","recipe_pill_metal_water","4","投料","mat_water_fruit","研磨","","投入研磨后的水灵果。","待同步",""
"14","mw_05","recipe_pill_metal_water","5","调火","","","高","切换高火。","待同步","8"
"15","mw_06","recipe_pill_metal_water","6","研磨","mat_metal_fruit","研磨","","高火阶段研磨金灵果。","待同步",""
"16","mw_07","recipe_pill_metal_water","7","投料","mat_metal_fruit","研磨","","投入研磨后的金灵果。","待同步",""
"17","mw_08","recipe_pill_metal_water","8","调火","","","低","切换低火。","待同步","24"
"18","mw_09","recipe_pill_metal_water","9","收丹","","","","按三味材料目标在炉时长收丹。","待同步",""
