"_id","配置键","当前值","单位","说明","数据状态"
"1","grindDuration","8","秒","研磨基础动作时长；当前灰盒节奏标尺。","待同步"
"2","perfectTolerance","0.5","秒","材料实际在炉时长的完美窗口正负宽容；原型值。","待同步"
"3","acceptableTolerance","2","秒","材料实际在炉时长的合格窗口正负宽容；原型值。","待同步"
"4","heatLowEnergyMultiplier","1","倍率","低火灵气消耗倍率；原型值。","待同步"
"5","heatMediumEnergyMultiplier","1.5","倍率","中火灵气消耗倍率；原型值。","待同步"
"6","heatHighEnergyMultiplier","2","倍率","高火灵气消耗倍率；原型值。","待同步"
"7","qualityNormalValueMultiplier","1","倍率","普通品相当前原型价值倍率。","待同步"
"8","qualityGoodValueMultiplier","1.2","倍率","良品当前原型价值倍率。","待同步"
"9","qualityTopValueMultiplier","1.5","倍率","上品当前原型价值倍率。","待同步"
