"_id","条目名称","条目ID","所属配方ID","用途","物品ID","数量","备注","Notion来源","数据状态"
"1","回气丹｜凝气草","recipe_pill_basic:input:herb","recipe_pill_basic","原料","herb","1","DP-67 现有灰盒迁移","https://app.notion.com/p/3d5533012698811481dcffe2ffb23ff2","待同步"
"2","回气丹｜灵露","recipe_pill_basic:input:dew","recipe_pill_basic","原料","dew","1","DP-67 现有灰盒迁移","https://app.notion.com/p/3d5533012698819f9a13eab80b9499cc","待同步"
"3","回气丹｜产物","recipe_pill_basic:output:pill","recipe_pill_basic","产物","pill","1","DP-67 现有灰盒迁移","https://app.notion.com/p/3d5533012698818fbf5aed28e908cac7","待同步"
"14","赤阳丹｜赤炎草","recipe_pill_fire_yang:input:mat_fire_herb","recipe_pill_fire_yang","原料","mat_fire_herb","1","DP-67 现有灰盒迁移","","待同步"
"16","赤阳丹｜火灵果","recipe_pill_fire_yang:input:mat_fire_fruit","recipe_pill_fire_yang","原料","mat_fire_fruit","1","DP-67 现有灰盒迁移","","待同步"
"18","赤阳丹｜产物","recipe_pill_fire_yang:output:pill_fire_yang","recipe_pill_fire_yang","产物","pill_fire_yang","1","DP-67 现有灰盒迁移","","待同步"
"24","金水凝元丹｜金凝草","recipe_pill_metal_water:input:mat_metal_herb","recipe_pill_metal_water","原料","mat_metal_herb","1","DP-67 现有灰盒迁移","","待同步"
"26","金水凝元丹｜金灵果","recipe_pill_metal_water:input:mat_metal_fruit","recipe_pill_metal_water","原料","mat_metal_fruit","1","DP-67 现有灰盒迁移","","待同步"
"27","金水凝元丹｜水灵果","recipe_pill_metal_water:input:mat_water_fruit","recipe_pill_metal_water","原料","mat_water_fruit","1","DP-67 现有灰盒迁移","","待同步"
"29","金水凝元丹｜产物","recipe_pill_metal_water:output:pill_metal_water","recipe_pill_metal_water","产物","pill_metal_water","1","DP-67 现有灰盒迁移","","待同步"
