"_id","稳定ID","委托名","候选权重","场景文案","主奖励方向","奖励池ID","选择前显示","数据状态"
"1","BSH-001","药铺理库","10","坊市药铺刚清过后库，剩下不少边角材料与旧包装需要重新分类，掌柜临时缺人手。","材料","BSH-R01","低阶材料 × 若干","待同步"
"2","BSH-002","商队点货","10","一支短途商队刚进坊市，需要在开市前核对货箱数量和标签，避免卸货时拿错。","商品","BSH-R02","普通商品 × 若干","待同步"
"3","BSH-003","铺面帮工","10","临街杂货铺换了一批货架，需要有人把散货重新归位，并把剩余包装材料清出来。","混合","BSH-R03","材料与商品各若干","待同步"
"4","BSH-004","送契跑腿","8","两家商铺需要在闭市前互送一份盖印契书，路不远，但双方都抽不开身。","货币","BSH-R04","少量经营货币","待同步"
"5","BSH-005","库房清账","8","一间公用货栈的账面与实物对不上，需要按货签重新清点一遍散落杂项。","杂项","BSH-R06","低阶杂项 × 若干","待同步"
"6","BSH-006","临时看摊","10","摊主临时要去办事，请人替他照看片刻摊位并按已经写好的价签交接货物。","商品","BSH-R02","普通商品 × 若干","待同步"
"7","BSH-007","货栈搬运","10","货栈里有一批不值当雇专门力士的小箱子，需要从后门挪到分拣区。","材料","BSH-R01","低阶材料 × 若干","待同步"
"8","BSH-008","驿站送件","8","坊市驿站积着几份短途包件，正好需要有人顺路送到附近几家商铺。","货币＋实物","BSH-R05","少量经营货币＋一件实物","待同步"
"9","BSH-009","修缮杂役","9","一间旧铺子换了门板和货架，完工后还有钉件、木料和杂材要整理收拢。","材料","BSH-R01","低阶材料 × 若干","待同步"
"10","BSH-010","集市盘货","9","集市准备收摊，几家摊位需要合并清点剩余货物，按各自名册重新装箱。","商品","BSH-R02","普通商品 × 若干","待同步"
"11","BSH-011","行商卸货","9","一名行商带回零散货物，数量不多但种类杂，需要帮忙卸下并按用途分开。","混合","BSH-R03","材料与商品各若干","待同步"
"12","BSH-012","药材分拣","10","药农送来一批品质普通的杂材，需要把可用部分、包装和废边分开，方便药铺入库。","材料","BSH-R01","低阶材料 × 若干","待同步"
"13","BSH-013","账房抄录","7","百事堂代商户归档一批旧账，需要把几页已核对的流水誊写到统一格式中。","货币","BSH-R04","少量经营货币","待同步"
"14","BSH-014","器铺搬箱","9","器物铺刚收到一批普通零件和杂货，需要把没有技术要求的箱件搬到对应货位。","杂项","BSH-R06","低阶杂项 × 若干","待同步"
"15","BSH-015","客栈搬柴","8","客栈后院新到一批日常耗材，需要在晚市前搬入库房并按用途堆放。","货币＋实物","BSH-R05","少量经营货币＋一件实物","待同步"
"16","BSH-016","灵舟泊位卸货","8","小型灵舟临时靠泊，几箱普通货物急着进坊市，搬运与分拣都不需要专业资格。","混合","BSH-R03","材料与商品各若干","待同步"
