"条目ID","奖励池ID","抽取组ID","物品ID","权重","最小数量","最大数量","数据状态","备注"
"BSH-R01-group1-herb","BSH-R01","group1","herb","1","1","1","待同步","DP65迁移：现有Unity原型成员，非最终批准平衡"
"BSH-R01-group1-dew","BSH-R01","group1","dew","1","1","1","待同步","DP65迁移：现有Unity原型成员，非最终批准平衡"
"BSH-R01-group1-cinnabar","BSH-R01","group1","cinnabar","1","1","1","待同步","DP65迁移：现有Unity原型成员，非最终批准平衡"
"BSH-R02-group1-sword","BSH-R02","group1","sword","1","1","1","待同步","DP65迁移：现有Unity原型成员，非最终批准平衡"
"BSH-R03-group1-herb","BSH-R03","group1","herb","1","1","1","待同步","DP65迁移：现有Unity原型成员，非最终批准平衡"
"BSH-R03-group1-dew","BSH-R03","group1","dew","1","1","1","待同步","DP65迁移：现有Unity原型成员，非最终批准平衡"
"BSH-R03-group1-cinnabar","BSH-R03","group1","cinnabar","1","1","1","待同步","DP65迁移：现有Unity原型成员，非最终批准平衡"
"BSH-R03-group2-sword","BSH-R03","group2","sword","1","1","1","待同步","DP65迁移：现有Unity原型成员，非最终批准平衡"
"BSH-R05-group1-herb","BSH-R05","group1","herb","1","1","1","待同步","DP65迁移：现有Unity原型成员，非最终批准平衡"
"BSH-R05-group1-dew","BSH-R05","group1","dew","1","1","1","待同步","DP65迁移：现有Unity原型成员，非最终批准平衡"
"BSH-R05-group1-cinnabar","BSH-R05","group1","cinnabar","1","1","1","待同步","DP65迁移：现有Unity原型成员，非最终批准平衡"
"BSH-R05-group1-sword","BSH-R05","group1","sword","1","1","1","待同步","DP65迁移：现有Unity原型成员，非最终批准平衡"
"BSH-R06-group1-herb","BSH-R06","group1","herb","1","1","1","待同步","DP65迁移：现有Unity原型成员，非最终批准平衡"
"BSH-R06-group1-dew","BSH-R06","group1","dew","1","1","1","待同步","DP65迁移：现有Unity原型成员，非最终批准平衡"
"BSH-R06-group1-cinnabar","BSH-R06","group1","cinnabar","1","1","1","待同步","DP65迁移：现有Unity原型成员，非最终批准平衡"
"BSH-R06-group1-sword","BSH-R06","group1","sword","1","1","1","待同步","DP65迁移：现有Unity原型成员，非最终批准平衡"
"BSH-R07-group1-pill","BSH-R07","group1","pill","1","1","1","待同步","DP65迁移：现有Unity原型成员，非最终批准平衡"
