field_name,type,configuration
配方名称,text,
配方ID,text,
数据状态,tag,
接入状态,tag,
制作耗时天,number,number_format:number
制作设备ID,text,
配方说明,text,
修改说明,text,
来源提交,text,
最近同步提交,text,
Notion来源,hyperlink,

view_name,layout,filters,sorts,hidden_fields,is_default,is_current
全部配方,table,,,,true,true

_id,配方名称,配方ID,数据状态,接入状态,制作耗时天,制作设备ID,配方说明,修改说明,来源提交,最近同步提交,Notion来源
1,回气丹｜基础演示配方,recipe_pill_basic,已生效,待接入,,,v3基线：凝气草×1＋灵露×1→回气丹×1。当前立即制作；正式炼丹炉与隔日产出尚未接入。,v3基线导入；配方ID为本次新增，尚未写入Unity。,a8653361296a8f122ccedb700bcb86ec34568107,,https://app.notion.com/p/3d55330126988131b444de4782809678
2,金罡丹｜候选配方,recipe_pill_metal_guard,草稿,待接入,,,金凝草×1＋金罡木×1＋金灵果×1＋下品灵石×1→金罡丹×1。候选效果为护体与金属性功法强化。,2026-09-09修正旧属性灵石文字；使用stone_low；配方身份与数量不变；待验收，未同步Unity。,,,
3,水灵丹｜候选配方,recipe_pill_water_spirit,草稿,待接入,,,水凝草×1＋水灵木×1＋水灵果×1＋下品灵石×1→水灵丹×1。候选效果为灵力恢复与水属性修炼辅助。,2026-09-09修正旧属性灵石文字；使用stone_low；配方身份与数量不变；待验收，未同步Unity。,,,
4,赤阳丹｜候选配方,recipe_pill_fire_yang,草稿,待接入,,,赤炎草×1＋赤焰木×1＋火灵果×1＋下品灵石×1→赤阳丹×1。候选效果为火属性功法强化。,2026-09-09修正旧属性灵石文字；使用stone_low；配方身份与数量不变；待验收，未同步Unity。,,,
5,厚土丹｜候选配方,recipe_pill_earth_guard,草稿,待接入,,,厚土草×1＋玄土木×1＋地元果×1＋下品灵石×1→厚土丹×1。候选效果为护体与土属性功法强化。,2026-09-09修正旧属性灵石文字；使用stone_low；配方身份与数量不变；待验收，未同步Unity。,,,
6,金水凝元丹｜候选配方,recipe_pill_metal_water,草稿,待接入,,,金凝草×1＋水凝草×1＋金灵果×1＋水灵果×1＋灵露×1→金水凝元丹×1。候选金水复合丹药。,2026-09-09用户授权新增；待验收。制作耗时与设备未定；未同步Unity。,,,
7,四象归元丹｜候选配方,recipe_pill_four_aspects,草稿,待接入,,,金罡丹×1＋水灵丹×1＋赤阳丹×1＋厚土丹×1＋灵露×2→四象归元丹×1。候选四属性复合丹药。,2026-09-09用户授权新增；待验收。制作耗时与设备未定；未同步Unity。,,,
