field_name,type,configuration
条目ID,text,
ProfileID,text,
物品ID,text,
数量,number,number_format:number
目标区域,tag,
X,number,number_format:number
Y,number,number_format:number
旋转,number,number_format:number
数据状态,tag,
备注,text,

view_name,layout,filters,sorts,hidden_fields,is_default,is_current
全部初始物品,table,,,,true,true

_id,条目ID,ProfileID,物品ID,数量,目标区域,X,Y,旋转,数据状态,备注
1,start_sign,prototype_campaign_v1,sign,1,Storage,,,,待同步,DP-68迁移现有实际开局；原型物品，非最终平衡
2,start_herb,prototype_campaign_v1,herb,1,Storage,,,,待同步,DP-68迁移现有实际开局；原型物品，非最终平衡
3,start_dew,prototype_campaign_v1,dew,1,Storage,,,,待同步,DP-68迁移现有实际开局；原型物品，非最终平衡
4,start_pill,prototype_campaign_v1,pill,1,Storage,,,,待同步,DP-68迁移现有实际开局；原型物品，非最终平衡
5,start_cinnabar,prototype_campaign_v1,cinnabar,1,Storage,,,,待同步,DP-68迁移现有实际开局；原型物品，非最终平衡
6,start_jade,prototype_campaign_v1,jade,1,Storage,,,,待同步,DP-68迁移现有实际开局；原型物品，非最终平衡
7,start_sword,prototype_campaign_v1,sword,1,Storage,,,,待同步,DP-68迁移现有实际开局；原型物品，非最终平衡
8,start_storage,prototype_campaign_v1,test-storage-case,1,Storage,,,,待同步,DP-68迁移现有实际开局；原型物品，非最终平衡
9,start_portable,prototype_campaign_v1,test-portable,1,Storage,,,,待同步,DP-68迁移现有实际开局；原型物品，非最终平衡